team,proe_direction,chart_label
DAL,above expected,Throw more than expected (top left)
PIT,above expected,Throw more than expected (top left)
CAR,above expected,Throw more than expected (top left)
NO,above expected,Throw more than expected (top left)
TB,above expected,Throw more than expected (top left)
SF,below expected,Throw less than expected (bottom right)
LV,below expected,Throw less than expected (bottom right)
MIN,below expected,Throw less than expected (bottom right)
SEA,below expected,Throw less than expected (bottom right)
