id,name,url,family,access,free_status,unique_signal,duplicate_group,recommended_gse_use,product_tier,risk,status
SRC-001,The Odds API,https://api.theoddsapi.com/docs,Market odds,API key,"Free/low-limit plan exists, current limit and NFL availability must be verified before implementation","Market consensus, line movement, implied probability, scores/events already integrated",canonical-odds-provider,Keep as current canonical odds adapter until a licensed replacement is approved,PRO/ELITE/founder,"Medium: plan terms, display rights, quota, and sportsbook-derived data restrictions",Already mapped in repo
SRC-002,nflverse umbrella,https://nflverse.nflverse.com/,Open NFL analytics,R/Python packages and public releases,No API key for public release files,Canonical open historical NFL analytics stack,nflverse-core,"Use as historical modeling spine, not as official NFL feed",Founder/PRO/ELITE,Medium: package license and underlying data rights are not the same thing,Newly mapped
SRC-003,nflreadpy,https://nflreadpy.nflverse.com/,Open NFL analytics,Python package,No API key for public nflverse data,"Python-native loader for play-by-play, rosters, schedules, stats, and related nflverse data",nflverse-core,Preferred Python ingestion dependency if the repo adds Python data jobs,Founder/PRO/ELITE,Medium: preserve attribution and version pins,Newly mapped
SRC-004,nflreadr reference datasets,https://nflreadr.nflverse.com/reference/,Open NFL analytics,R package and release files,No key for public releases,"Schedules, rosters, injuries, depth charts, player/team stats, officials, snap counts, participation, combine, contracts, and more",nflverse-core,Data catalog for selecting source-specific build cards,Founder/PRO/ELITE,Medium: upstream source and update semantics vary by table,Newly mapped
SRC-005,nflfastR play-by-play,https://www.nflfastr.com/reference/index.html,Open NFL analytics,R package and release files,No key,"Play-by-play, EPA/WP, game-state, drive and play context",nflverse-core,"Backtest substrate for world state machine, live-like replay, and model evaluation",Founder/PRO/ELITE,Medium: corrections and data release lag need freshness badges,Newly mapped
SRC-006,nflverse-data releases,https://github.com/nflverse/nflverse-data,Open NFL analytics,GitHub release files,No key,Versionable bulk historical release files with license metadata,nflverse-core,Pinned source snapshots for reproducible historical backtests,Founder/PRO/ELITE,Medium: attribution and release pinning required,Newly mapped
SRC-007,Official NFL injury reports,https://www.nfl.com/injuries/,Injury and availability,Public pages,"Free public viewing, no public bulk API confirmed",Official status labels and weekly participation/status context,injury-official,"Validation and manual/approved official-status precedence, not crawler-first ingestion",Founder/ELITE,"High: scraping, marks, and commercial reuse require approval",Newly mapped
SRC-008,nflreadr injuries,https://rdrr.io/cran/nflreadr/man/load_injuries.html,Injury and availability,R package release data,No key,Historical injury report table suitable for model backtests,injury-historical,Historical availability feature store and status-transition priors,Founder/PRO/ELITE,Medium: source provenance and medical no-diagnosis language required,Newly mapped
SRC-009,nflreadr depth charts,https://nflreadr.nflverse.com/reference/,Roster and depth,R package release data,No key,Depth chart and roster positioning context,roster-depth,"Backup replacement, roster battle, and unit continuity features",Founder/PRO/ELITE,Medium: weekly changes and source attribution,Newly mapped
SRC-010,nflreadr rosters and players,https://nflreadr.nflverse.com/reference/,Roster and identity,R package release data,No key,"Player IDs, team affiliations, bio, roster state",entity-graph,Canonical entity graph and ID mapping,FREE/PRO/ELITE,Medium: ID merges and team-change handling,Newly mapped
SRC-011,nflreadr schedules,https://nflreadr.nflverse.com/reference/,Schedule and game state,R package release data,No key,"Seasons, weeks, teams, kickoff metadata, game identifiers",schedule,"Game calendar, state machine clock, rest/travel model",FREE/PRO/ELITE,Low-medium: verify against official schedule on changes,Newly mapped
SRC-012,nflreadr participation,https://nflreadr.nflverse.com/reference/load_participation.html,Usage and participation,R package release data,No key,"Participation since 2016, with FTN-attribution caveat for 2023+",usage,Snap/route/role-share and player workload models,Founder/PRO/ELITE,Medium-high: attribution and table-specific license handling,Newly mapped
SRC-013,nflreadr snap counts,https://nflreadr.nflverse.com/reference/,Usage and participation,R package release data,No key,"Player snap counts for role share, reentry, and workload",usage,Availability impact and player-load proxy,Founder/PRO/ELITE,Medium: update lag and source attribution,Newly mapped
SRC-014,nflreadr officials,https://nflreadr.nflverse.com/reference/load_officials.html,Officials and penalties,R package release data,No key,Official assignments for historical analysis,officials,Referee assignment sensitivity gates and penalty tendency context,Founder/ELITE,Medium: avoid overclaiming causality,Newly mapped
SRC-015,nflreadr combine,https://nflreadr.nflverse.com/reference/load_combine.html,Prospect and development,R package release data,No key,Combine measurements and testing data,prospect,Athletic priors for rookie translation and analog ratings,Founder/PRO/ELITE,Low-medium: missingness and role-normalized interpretation,Newly mapped
SRC-016,nflreadr draft picks,https://nflreadr.nflverse.com/reference/,Prospect and development,R package release data,No key,"Draft capital, year, team, player linkage",prospect,Rookie and roster-development priors,Founder/PRO/ELITE,Low-medium: ID joins,Newly mapped
SRC-017,NFL Next Gen Stats public aggregates,https://nextgenstats.nfl.com/,Advanced public aggregates,Public site,"Free public viewing, no public raw tracking API confirmed",Public advanced player/team metrics; raw tracking remains unavailable,ngs-public,Validation and aggregate features only with source-policy approval,Founder/ELITE,High if scraped or represented as raw tracking,Newly mapped
SRC-018,NFL Football Operations Next Gen Stats overview,https://operations.nfl.com/gameday/technology/nfl-next-gen-stats,Advanced public aggregates,Public explainer,Free public reading,Explains the raw tracking capability and why public data is only an aggregate approximation,ngs-public,Risk note and concept guardrail for analog strategy,Founder,"Low for citation, high for assuming data access",Newly mapped
SRC-019,NFL Big Data Bowl public datasets,https://operations.nfl.com/programs-initiatives/innovation/big-data-bowl/,Tracking R&D sample,Kaggle datasets and competition terms,"Free Kaggle account, terms apply",Open slices of player tracking for model R&D and feature engineering,tracking-sample,"Offline research only, not live production feed",Founder/R&D,Medium: contest-specific terms and no live coverage,Newly mapped
SRC-020,CollegeFootballData,https://collegefootballdata.com/api-tiers,College/prospect,API key,"Free tier observed as 1,000 calls/month","CFB EPA/PPA, recruiting, lines, weather, advanced team/player data",college,"Prospect translation, college-to-NFL development priors, and CFB expansion",Founder/PRO,Low-medium: rate limits and ID mapping,Newly mapped
SRC-021,National Weather Service API,https://www.weather.gov/documentation/services-web-api,Weather,Public HTTP JSON/GeoJSON,"Free/open, User-Agent required, unpublished rate limits","Official U.S. forecasts, alerts, hourly forecasts, observations",weather,Primary weather truth layer for U.S. stadium coordinates,FREE/PRO/ELITE,Low: cache by endpoint metadata and include User-Agent,Newly mapped
SRC-022,Open-Meteo,https://open-meteo.com/,Weather,Public API; commercial terms depend on use,No key for non-commercial; commercial use needs terms review,Historical weather backfill and global forecast fallback,weather,Backtest weather after commercial-plan or license review,Founder/PRO,Medium: commercial/free split and attribution,Newly mapped
SRC-023,Wikidata SPARQL,https://www.wikidata.org/wiki/Wikidata:SPARQL_query_service,Entity graph and venues,SPARQL endpoint,"Open, CC0 data","Stadium coordinates, aliases, entity relationships where present",venue-graph,"Venue/entity scaffold, then validate against official/team sources",FREE/PRO,Low-medium: accuracy and service etiquette,Newly mapped
SRC-024,OpenStreetMap Overpass,https://wiki.openstreetmap.org/wiki/Overpass_API,Venue geography,Read-only Overpass API,"Open, ODbL obligations",Stadium geometry and surrounding geospatial metadata,venue-graph,Optional stadium context after license obligations are accepted,Founder/PRO,Medium: ODbL attribution/share-alike and endpoint etiquette,Newly mapped
SRC-025,Sleeper API,https://docs.sleeper.com/,Fantasy attention,Read-only HTTP API,"Free, no token, stay under stated call guidance","Trending adds/drops, fantasy roster/draft/player IDs",fantasy-attention,"Attention and fantasy demand proxy, not official truth",PRO/ELITE,"Low-medium: cache players endpoint, avoid excessive polling",Newly mapped
SRC-026,Yahoo Fantasy Sports API,https://sports.yahoo.com/developer/,Fantasy opt-in,OAuth and app approval,"Developer access, user consent required",Authorized league/team/player fantasy data,fantasy-attention,Future opt-in user fantasy integrations only,ELITE,"Medium-high: privacy, consent, OAuth, and attribution",Newly mapped
SRC-027,GDELT DOC 2.0 API,https://blog.gdeltproject.org/gdelt-doc-2-0-api-debuts/amp/,News attention,Public API,Open public API,"Global news volume, themes, entities, tone, and timeline context",news-attention,Media-pressure and narrative-change proxy with disclaimers,PRO/ELITE,Low-medium: attention is not truth; source volume bias,Newly mapped
SRC-028,YouTube Data API v3,https://developers.google.com/youtube/v3/getting-started,Video attention,Google Cloud API key/OAuth,"Default quota observed as 10,000 units/day",Channel/search/video metadata and engagement proxy,video-attention,Metadata-only attention layer; no video downloading or transcript copying,PRO/ELITE,"Medium-high: quota, API terms, auditability",Newly mapped
SRC-029,Reddit API,https://www.reddit.com/dev/api/,Social attention,OAuth API,Current commercial limits and terms must be checked before use,Public discussion volume and topic shifts by team/player,social-attention,"Aggregated attention signal only, store IDs/metadata where possible",ELITE/founder,"High: commercial use, redistribution, deletion and privacy obligations",Newly mapped
SRC-030,Wikimedia Pageviews API,https://doc.wikimedia.org/generated-data-platform/aqs/analytics-api/documentation/getting-started.html,Attention baseline,Open REST API,Open,"Pageview spikes for teams, players, coaches, stadiums",attention-baseline,Low-risk public attention baseline,FREE/PRO,Low: do not equate pageviews with intent,Newly mapped
SRC-031,SportsGameOdds,https://sportsgameodds.com/docs/basics,Market odds,API key,Docs state free tier/trial; verify current terms,"Odds, scores, stats, props, bookmakers",canonical-odds-provider,Evaluate as alternative odds provider; do not double-count with The Odds API,PRO/ELITE,"Medium: licensing, display/cache rights, provider overlap",Newly mapped
SRC-032,SportsDataIO NFL,https://sportsdata.io/developers/api-documentation/nfl,Licensed sports data,API key and commercial terms,Free trial/sample may be scrambled or limited; production is contract-gated,"Licensed stats, injuries, depth charts, odds, projections depending on package",licensed-provider,Candidate paid official-ish provider for live production breadth,ELITE/founder,"High: contract, overage, display/cache/sublicense limits",Newly mapped
SRC-033,API-Sports NFL,https://api-sports.io/documentation/nfl/v1,Sports data API,API key,Free/paid details require current verification,"NFL fixtures, teams, standings, players, injuries depending on endpoint",licensed-provider,Low-cost evaluation candidate behind provider abstraction,PRO/ELITE,"Medium-high: terms, freshness, coverage, and reliability",Newly mapped
SRC-034,Sportradar NFL,https://developer.sportradar.com/football/reference/nfl-overview,Licensed sports data,Commercial API contract,Trial/developer access varies; production is contract-gated,High-quality licensed sports feed and official-like production support,licensed-provider,Elite/founder licensed provider candidate,ELITE/founder,"High: cost, audit, sublicensing, and display terms",Newly mapped
SRC-035,Pro Football Reference / Stathead,https://www.pro-football-reference.com/,Historical stats reference,Public pages and paid Stathead product,Public pages; paid product for richer access,"Historical stats, advanced tables, validation reference",historical-reference,Manual validation or licensed use; avoid bulk scraping,Founder,High if scraped; medium as manual validation reference,Newly mapped
SRC-036,Official team sites and press releases,https://www.nfl.com/teams/,News and training camp,"Public pages, RSS if available, manual review",Free public viewing; endpoint rights vary,"Roster moves, practice reports, press conference notes, official team statements",team-official,"Human-reviewed claim cards and source ledger, not crawler-first bulk ingest",Founder/ELITE,"High: quote limits, marks, scraping, and public claims",Newly mapped
SRC-037,Beat-writer and publisher RSS/APIs,https://news.google.com/,News and reporting,RSS/API/licensed feeds only,Varies by publisher,"Narrative changes, roster-battle reports, practice participation details",news-reporting,"Claim cards with source confidence, no full-text copying",Founder/ELITE,"High: copyright, paywalls, quote limits, rumor handling",Newly mapped
SRC-038,DraftKings and FanDuel public pages,https://www.fanduel.com/terms,Sportsbook direct pages,Public sites only,Not an approved data feed,None recommended until licensed/API access exists,blocked-sportsbook-scrape,Deny-list direct scraping; use licensed odds APIs instead,Blocked,High: automated extraction prohibited/restricted by terms,Redundant/blocked
SRC-039,ESPN public pages,https://disneytermsofuse.com/english/,Sports media pages,Public pages only,Not an approved data feed,Manual reference only unless licensed/approved,blocked-media-scrape,Deny-list automated extraction and commercial dataset building,Blocked/manual only,"High: Disney terms restrict automated extraction, copying, commercial reuse, and AI/data uses",Redundant/blocked
SRC-040,StatsBomb open data,https://github.com/statsbomb/open-data,Cross-sport analog,GitHub open data,Free with attribution and license requirements,Soccer event-data modeling pattern transfer,cross-sport-analog,R&D pattern transfer only; not NFL production data,Founder/R&D,Low-medium: attribution and sport mismatch,Newly mapped
SRC-041,fastRhockey / SportsDataverse,https://fastrhockey.sportsdataverse.org/,Cross-sport analog,Open package/reference,Open source package context,Expected-goals and event-model pattern transfer,cross-sport-analog,R&D pattern transfer for sport-state modeling,Founder/R&D,Low-medium: sport mismatch and source-specific rights,Newly mapped
SRC-042,Manual founder/operator observations,local://founder-notes,Human intelligence,Internal notes,Internal,"Strategic hypotheses, source approvals, and product judgment",human-review,Founder-only alpha notebook and legal approval ledger,Founder only,"Medium: privacy, access controls, and provenance",Mapped as internal source family
