source_list,name,url,aesthetic_lane,layout_pattern,visual_density,motion_posture,primary_ui_surfaces,free_vs_paid_pattern,gse_application,non_duplication_rule,next_visual_audit
platform-watchlist,FFPC,https://myffpc.com/cms/public/play/best-ball-dynasty-leagues-official-rules,contest-lobby,"Prize-first contest lobby: large contest cards, draft schedules, entry fee ladders, rules pages, winners/social proof, account CTAs.",Medium to high,Low. Static credibility and schedule clarity matter more than spectacle.,"Tournament cards, rules, live draft lists, app download panels, testimonials, responsible-play links.","Rules, schedule, and marketing are public. Draft rooms, entries, account, and private leagues are locked.",Use transparent format cards for every fantasy/DFS/game mode and show exactly what data the engine needs before a user commits.,"Do not scrape private leagues, draft rooms, or paid contest metadata.","Capture desktop and mobile screenshots, note navigation depth, logged-out gates, table/card density, motion/reduced-motion behavior, and pricing CTA placement."
platform-watchlist,NFFC / NFC (closest verified match to user-mentioned NFPC),https://nfc.shgn.com/rules/2680,contest-lobby,"Prize-first contest lobby: large contest cards, draft schedules, entry fee ladders, rules pages, winners/social proof, account CTAs.",Medium to high,Low. Static credibility and schedule clarity matter more than spectacle.,"Tournament cards, rules, live draft lists, app download panels, testimonials, responsible-play links.","Rules, schedule, and marketing are public. Draft rooms, entries, account, and private leagues are locked.",Use transparent format cards for every fantasy/DFS/game mode and show exactly what data the engine needs before a user commits.,"Do not scrape private leagues, draft rooms, or paid contest metadata.","Capture desktop and mobile screenshots, note navigation depth, logged-out gates, table/card density, motion/reduced-motion behavior, and pricing CTA placement."
platform-watchlist,RealTime Fantasy Sports / RTSports,https://cloudfront.rtsports.com/daily/rules,contest-lobby,"Prize-first contest lobby: large contest cards, draft schedules, entry fee ladders, rules pages, winners/social proof, account CTAs.",Medium to high,Low. Static credibility and schedule clarity matter more than spectacle.,"Tournament cards, rules, live draft lists, app download panels, testimonials, responsible-play links.","Rules, schedule, and marketing are public. Draft rooms, entries, account, and private leagues are locked.",Use transparent format cards for every fantasy/DFS/game mode and show exactly what data the engine needs before a user commits.,"Do not scrape private leagues, draft rooms, or paid contest metadata.","Capture desktop and mobile screenshots, note navigation depth, logged-out gates, table/card density, motion/reduced-motion behavior, and pricing CTA placement."
platform-watchlist,Drafters,https://drafters.com/,contest-lobby,"Prize-first contest lobby: large contest cards, draft schedules, entry fee ladders, rules pages, winners/social proof, account CTAs.",Medium to high,Low. Static credibility and schedule clarity matter more than spectacle.,"Tournament cards, rules, live draft lists, app download panels, testimonials, responsible-play links.","Rules, schedule, and marketing are public. Draft rooms, entries, account, and private leagues are locked.",Use transparent format cards for every fantasy/DFS/game mode and show exactly what data the engine needs before a user commits.,"Do not scrape private leagues, draft rooms, or paid contest metadata.","Capture desktop and mobile screenshots, note navigation depth, logged-out gates, table/card density, motion/reduced-motion behavior, and pricing CTA placement."
platform-watchlist,Underdog Fantasy,https://help.underdogfantasy.com/en/articles/8991638-best-ball-contest-guidelines,pickem-social,"Mobile-first card stack: league chips, player stat cards, more/less toggles, pick slip, rewards, referrals, and social or leaderboard surfaces.",Medium,"Medium. Fast microinteractions, chips, toggles, pick confirmation, reward feedback, and live score refresh are the normal pattern.","Player prop cards, pick slip, contest/reward pages, feed, leaderboard, push-notification hooks.","Free browsing often exposes structure and some lines. Entries, deposits, jurisdiction checks, and rewards are locked in-app.","Use card speed for research surfaces: quick compare, line movement, player context, and confidence deltas. Add social proof carefully through transparent model behavior, not gambling hype.",Do not ingest private lines or imply sweepstakes/real-money legality without counsel.,"Capture desktop and mobile screenshots, note navigation depth, logged-out gates, table/card density, motion/reduced-motion behavior, and pricing CTA placement."
platform-watchlist,DraftKings Classic DFS,https://www.draftkings.com/help/rules/nfl,betting-intelligence,"Odds and intelligence dashboard: sportsbook comparison tables, +EV/arbitrage feeds, line movement charts, calculators, bet tracking, alerts.",High,"Low to medium. Priority is table freshness, live badges, line movement charts, and alert affordances.","Odds tables, calculators, EV feeds, bet slips, watchlists, notifications, educational funnels.","Calculators and education are often free. Live feeds, alerts, book syncing, and automation are paid.","Add free calculators and educational explainers, then paid live intelligence with source health and stale-line protection.","Avoid guaranteed-profit claims, blind tailing language, and unlicensed sportsbook data scraping.","Capture desktop and mobile screenshots, note navigation depth, logged-out gates, table/card density, motion/reduced-motion behavior, and pricing CTA placement."
platform-watchlist,DraftKings Pick6,https://pick6.draftkings.com/pick6-rules-and-scoring,pickem-social,"Mobile-first card stack: league chips, player stat cards, more/less toggles, pick slip, rewards, referrals, and social or leaderboard surfaces.",Medium,"Medium. Fast microinteractions, chips, toggles, pick confirmation, reward feedback, and live score refresh are the normal pattern.","Player prop cards, pick slip, contest/reward pages, feed, leaderboard, push-notification hooks.","Free browsing often exposes structure and some lines. Entries, deposits, jurisdiction checks, and rewards are locked in-app.","Use card speed for research surfaces: quick compare, line movement, player context, and confidence deltas. Add social proof carefully through transparent model behavior, not gambling hype.",Do not ingest private lines or imply sweepstakes/real-money legality without counsel.,"Capture desktop and mobile screenshots, note navigation depth, logged-out gates, table/card density, motion/reduced-motion behavior, and pricing CTA placement."
platform-watchlist,FanDuel Picks,https://www.fanduel.com/rules/,pickem-social,"Mobile-first card stack: league chips, player stat cards, more/less toggles, pick slip, rewards, referrals, and social or leaderboard surfaces.",Medium,"Medium. Fast microinteractions, chips, toggles, pick confirmation, reward feedback, and live score refresh are the normal pattern.","Player prop cards, pick slip, contest/reward pages, feed, leaderboard, push-notification hooks.","Free browsing often exposes structure and some lines. Entries, deposits, jurisdiction checks, and rewards are locked in-app.","Use card speed for research surfaces: quick compare, line movement, player context, and confidence deltas. Add social proof carefully through transparent model behavior, not gambling hype.",Do not ingest private lines or imply sweepstakes/real-money legality without counsel.,"Capture desktop and mobile screenshots, note navigation depth, logged-out gates, table/card density, motion/reduced-motion behavior, and pricing CTA placement."
platform-watchlist,PrizePicks,https://www.prizepicks.com/help-center/payouts,pickem-social,"Mobile-first card stack: league chips, player stat cards, more/less toggles, pick slip, rewards, referrals, and social or leaderboard surfaces.",Medium,"Medium. Fast microinteractions, chips, toggles, pick confirmation, reward feedback, and live score refresh are the normal pattern.","Player prop cards, pick slip, contest/reward pages, feed, leaderboard, push-notification hooks.","Free browsing often exposes structure and some lines. Entries, deposits, jurisdiction checks, and rewards are locked in-app.","Use card speed for research surfaces: quick compare, line movement, player context, and confidence deltas. Add social proof carefully through transparent model behavior, not gambling hype.",Do not ingest private lines or imply sweepstakes/real-money legality without counsel.,"Capture desktop and mobile screenshots, note navigation depth, logged-out gates, table/card density, motion/reduced-motion behavior, and pricing CTA placement."
platform-watchlist,Sleeper Picks,https://sleeper.com/picks,pickem-social,"Mobile-first card stack: league chips, player stat cards, more/less toggles, pick slip, rewards, referrals, and social or leaderboard surfaces.",Medium,"Medium. Fast microinteractions, chips, toggles, pick confirmation, reward feedback, and live score refresh are the normal pattern.","Player prop cards, pick slip, contest/reward pages, feed, leaderboard, push-notification hooks.","Free browsing often exposes structure and some lines. Entries, deposits, jurisdiction checks, and rewards are locked in-app.","Use card speed for research surfaces: quick compare, line movement, player context, and confidence deltas. Add social proof carefully through transparent model behavior, not gambling hype.",Do not ingest private lines or imply sweepstakes/real-money legality without counsel.,"Capture desktop and mobile screenshots, note navigation depth, logged-out gates, table/card density, motion/reduced-motion behavior, and pricing CTA placement."
platform-watchlist,Dimers,https://www.dimers.com/app,betting-intelligence,"Odds and intelligence dashboard: sportsbook comparison tables, +EV/arbitrage feeds, line movement charts, calculators, bet tracking, alerts.",High,"Low to medium. Priority is table freshness, live badges, line movement charts, and alert affordances.","Odds tables, calculators, EV feeds, bet slips, watchlists, notifications, educational funnels.","Calculators and education are often free. Live feeds, alerts, book syncing, and automation are paid.","Add free calculators and educational explainers, then paid live intelligence with source health and stale-line protection.","Avoid guaranteed-profit claims, blind tailing language, and unlicensed sportsbook data scraping.","Capture desktop and mobile screenshots, note navigation depth, logged-out gates, table/card density, motion/reduced-motion behavior, and pricing CTA placement."
platform-watchlist,Rebet,https://rebet.app/,pickem-social,"Mobile-first card stack: league chips, player stat cards, more/less toggles, pick slip, rewards, referrals, and social or leaderboard surfaces.",Medium,"Medium. Fast microinteractions, chips, toggles, pick confirmation, reward feedback, and live score refresh are the normal pattern.","Player prop cards, pick slip, contest/reward pages, feed, leaderboard, push-notification hooks.","Free browsing often exposes structure and some lines. Entries, deposits, jurisdiction checks, and rewards are locked in-app.","Use card speed for research surfaces: quick compare, line movement, player context, and confidence deltas. Add social proof carefully through transparent model behavior, not gambling hype.",Do not ingest private lines or imply sweepstakes/real-money legality without counsel.,"Capture desktop and mobile screenshots, note navigation depth, logged-out gates, table/card density, motion/reduced-motion behavior, and pricing CTA placement."
platform-watchlist,Betr,https://www.betr.app/,pickem-social,"Mobile-first card stack: league chips, player stat cards, more/less toggles, pick slip, rewards, referrals, and social or leaderboard surfaces.",Medium,"Medium. Fast microinteractions, chips, toggles, pick confirmation, reward feedback, and live score refresh are the normal pattern.","Player prop cards, pick slip, contest/reward pages, feed, leaderboard, push-notification hooks.","Free browsing often exposes structure and some lines. Entries, deposits, jurisdiction checks, and rewards are locked in-app.","Use card speed for research surfaces: quick compare, line movement, player context, and confidence deltas. Add social proof carefully through transparent model behavior, not gambling hype.",Do not ingest private lines or imply sweepstakes/real-money legality without counsel.,"Capture desktop and mobile screenshots, note navigation depth, logged-out gates, table/card density, motion/reduced-motion behavior, and pricing CTA placement."
platform-watchlist,Ballers.app,https://ballers.app/,betting-intelligence,"Odds and intelligence dashboard: sportsbook comparison tables, +EV/arbitrage feeds, line movement charts, calculators, bet tracking, alerts.",High,"Low to medium. Priority is table freshness, live badges, line movement charts, and alert affordances.","Odds tables, calculators, EV feeds, bet slips, watchlists, notifications, educational funnels.","Calculators and education are often free. Live feeds, alerts, book syncing, and automation are paid.","Add free calculators and educational explainers, then paid live intelligence with source health and stale-line protection.","Avoid guaranteed-profit claims, blind tailing language, and unlicensed sportsbook data scraping.","Capture desktop and mobile screenshots, note navigation depth, logged-out gates, table/card density, motion/reduced-motion behavior, and pricing CTA placement."
platform-watchlist,Fantasy Footballers / Ballers UDK,https://www.thefantasyfootballers.com/fantasy-football-draft-kit,media-tool-suite,"Editorial plus tools: article feeds, rankings tables, analyst cards, plan pages, podcast/video blocks, gated tool CTAs.",Medium,"Low. Most value is navigation, content credibility, and clean conversion paths.","Articles, rankings, tool previews, plans, analyst brands, newsletters, podcasts, premium gates.","Free SEO articles and limited rankings pull users in. League sync, premium rankings, projections, and advanced tools are paid.","Unify editorial, model state, and cockpit tools so public content can cite live source status and paid surfaces can explain decisions.",Do not mimic analyst personalities or copy paid ranks/notes.,"Capture desktop and mobile screenshots, note navigation depth, logged-out gates, table/card density, motion/reduced-motion behavior, and pricing CTA placement."
platform-watchlist,Yahoo DFS/Fantasy,https://legal.yahoo.com/us/en/yahoo/terms/rules/dailyfantasyfootball/index.html,contest-lobby,"Prize-first contest lobby: large contest cards, draft schedules, entry fee ladders, rules pages, winners/social proof, account CTAs.",Medium to high,Low. Static credibility and schedule clarity matter more than spectacle.,"Tournament cards, rules, live draft lists, app download panels, testimonials, responsible-play links.","Rules, schedule, and marketing are public. Draft rooms, entries, account, and private leagues are locked.",Use transparent format cards for every fantasy/DFS/game mode and show exactly what data the engine needs before a user commits.,"Do not scrape private leagues, draft rooms, or paid contest metadata.","Capture desktop and mobile screenshots, note navigation depth, logged-out gates, table/card density, motion/reduced-motion behavior, and pricing CTA placement."
platform-watchlist,ESPN Fantasy,https://www.espn.com/fantasy/football/,contest-lobby,"Prize-first contest lobby: large contest cards, draft schedules, entry fee ladders, rules pages, winners/social proof, account CTAs.",Medium to high,Low. Static credibility and schedule clarity matter more than spectacle.,"Tournament cards, rules, live draft lists, app download panels, testimonials, responsible-play links.","Rules, schedule, and marketing are public. Draft rooms, entries, account, and private leagues are locked.",Use transparent format cards for every fantasy/DFS/game mode and show exactly what data the engine needs before a user commits.,"Do not scrape private leagues, draft rooms, or paid contest metadata.","Capture desktop and mobile screenshots, note navigation depth, logged-out gates, table/card density, motion/reduced-motion behavior, and pricing CTA placement."
platform-watchlist,MyFantasyLeague,https://home.myfantasyleague.com/,contest-lobby,"Prize-first contest lobby: large contest cards, draft schedules, entry fee ladders, rules pages, winners/social proof, account CTAs.",Medium to high,Low. Static credibility and schedule clarity matter more than spectacle.,"Tournament cards, rules, live draft lists, app download panels, testimonials, responsible-play links.","Rules, schedule, and marketing are public. Draft rooms, entries, account, and private leagues are locked.",Use transparent format cards for every fantasy/DFS/game mode and show exactly what data the engine needs before a user commits.,"Do not scrape private leagues, draft rooms, or paid contest metadata.","Capture desktop and mobile screenshots, note navigation depth, logged-out gates, table/card density, motion/reduced-motion behavior, and pricing CTA placement."
platform-watchlist,OwnersBox,https://ownersbox.com/,general-competitor,"Mixed product/marketing layout with cards, nav, plan gates, and content surfaces.",Medium,Low,"Marketing pages, cards, free previews, account gates.",Free overview with paid depth.,Audit manually before coding any clone-like feature.,Treat as inspiration only until a direct screenshot and source audit is complete.,"Capture desktop and mobile screenshots, note navigation depth, logged-out gates, table/card density, motion/reduced-motion behavior, and pricing CTA placement."
platform-watchlist,Splash Sports,https://splashsports.com/,general-competitor,"Mixed product/marketing layout with cards, nav, plan gates, and content surfaces.",Medium,Low,"Marketing pages, cards, free previews, account gates.",Free overview with paid depth.,Audit manually before coding any clone-like feature.,Treat as inspiration only until a direct screenshot and source audit is complete.,"Capture desktop and mobile screenshots, note navigation depth, logged-out gates, table/card density, motion/reduced-motion behavior, and pricing CTA placement."
platform-watchlist,Novig,https://www.novig.us/,general-competitor,"Mixed product/marketing layout with cards, nav, plan gates, and content surfaces.",Medium,Low,"Marketing pages, cards, free previews, account gates.",Free overview with paid depth.,Audit manually before coding any clone-like feature.,Treat as inspiration only until a direct screenshot and source audit is complete.,"Capture desktop and mobile screenshots, note navigation depth, logged-out gates, table/card density, motion/reduced-motion behavior, and pricing CTA placement."
platform-watchlist,Kalshi,https://kalshi.com/,betting-intelligence,"Odds and intelligence dashboard: sportsbook comparison tables, +EV/arbitrage feeds, line movement charts, calculators, bet tracking, alerts.",High,"Low to medium. Priority is table freshness, live badges, line movement charts, and alert affordances.","Odds tables, calculators, EV feeds, bet slips, watchlists, notifications, educational funnels.","Calculators and education are often free. Live feeds, alerts, book syncing, and automation are paid.","Add free calculators and educational explainers, then paid live intelligence with source health and stale-line protection.","Avoid guaranteed-profit claims, blind tailing language, and unlicensed sportsbook data scraping.","Capture desktop and mobile screenshots, note navigation depth, logged-out gates, table/card density, motion/reduced-motion behavior, and pricing CTA placement."
platform-watchlist,Polymarket,https://polymarket.com/,betting-intelligence,"Odds and intelligence dashboard: sportsbook comparison tables, +EV/arbitrage feeds, line movement charts, calculators, bet tracking, alerts.",High,"Low to medium. Priority is table freshness, live badges, line movement charts, and alert affordances.","Odds tables, calculators, EV feeds, bet slips, watchlists, notifications, educational funnels.","Calculators and education are often free. Live feeds, alerts, book syncing, and automation are paid.","Add free calculators and educational explainers, then paid live intelligence with source health and stale-line protection.","Avoid guaranteed-profit claims, blind tailing language, and unlicensed sportsbook data scraping.","Capture desktop and mobile screenshots, note navigation depth, logged-out gates, table/card density, motion/reduced-motion behavior, and pricing CTA placement."
media-betting-map,FTN,https://ftnfantasy.com/tools,betting-intelligence,"Odds and intelligence dashboard: sportsbook comparison tables, +EV/arbitrage feeds, line movement charts, calculators, bet tracking, alerts.",High,"Low to medium. Priority is table freshness, live badges, line movement charts, and alert affordances.","Odds tables, calculators, EV feeds, bet slips, watchlists, notifications, educational funnels.","Calculators and education are often free. Live feeds, alerts, book syncing, and automation are paid.","Add free calculators and educational explainers, then paid live intelligence with source health and stale-line protection.","Avoid guaranteed-profit claims, blind tailing language, and unlicensed sportsbook data scraping.","Capture desktop and mobile screenshots, note navigation depth, logged-out gates, table/card density, motion/reduced-motion behavior, and pricing CTA placement."
media-betting-map,Fantasy Guru,https://www.fantasyguru.com/product/vip-all-access,betting-intelligence,"Odds and intelligence dashboard: sportsbook comparison tables, +EV/arbitrage feeds, line movement charts, calculators, bet tracking, alerts.",High,"Low to medium. Priority is table freshness, live badges, line movement charts, and alert affordances.","Odds tables, calculators, EV feeds, bet slips, watchlists, notifications, educational funnels.","Calculators and education are often free. Live feeds, alerts, book syncing, and automation are paid.","Add free calculators and educational explainers, then paid live intelligence with source health and stale-line protection.","Avoid guaranteed-profit claims, blind tailing language, and unlicensed sportsbook data scraping.","Capture desktop and mobile screenshots, note navigation depth, logged-out gates, table/card density, motion/reduced-motion behavior, and pricing CTA placement."
media-betting-map,Elite Sports / Fantasy Guru Elite legacy,https://www.pointstreaksites.com/view/gamingnation/products/fantasy-guru/fantasy-guru-elite-1,media-tool-suite,"Editorial plus tools: article feeds, rankings tables, analyst cards, plan pages, podcast/video blocks, gated tool CTAs.",Medium,"Low. Most value is navigation, content credibility, and clean conversion paths.","Articles, rankings, tool previews, plans, analyst brands, newsletters, podcasts, premium gates.","Free SEO articles and limited rankings pull users in. League sync, premium rankings, projections, and advanced tools are paid.","Unify editorial, model state, and cockpit tools so public content can cite live source status and paid surfaces can explain decisions.",Do not mimic analyst personalities or copy paid ranks/notes.,"Capture desktop and mobile screenshots, note navigation depth, logged-out gates, table/card density, motion/reduced-motion behavior, and pricing CTA placement."
media-betting-map,Jeff Mans / Fantasy Guru analyst brand,https://www.fantasyguru.com/our-analysts,betting-intelligence,"Odds and intelligence dashboard: sportsbook comparison tables, +EV/arbitrage feeds, line movement charts, calculators, bet tracking, alerts.",High,"Low to medium. Priority is table freshness, live badges, line movement charts, and alert affordances.","Odds tables, calculators, EV feeds, bet slips, watchlists, notifications, educational funnels.","Calculators and education are often free. Live feeds, alerts, book syncing, and automation are paid.","Add free calculators and educational explainers, then paid live intelligence with source health and stale-line protection.","Avoid guaranteed-profit claims, blind tailing language, and unlicensed sportsbook data scraping.","Capture desktop and mobile screenshots, note navigation depth, logged-out gates, table/card density, motion/reduced-motion behavior, and pricing CTA placement."
media-betting-map,I Sell Winners,https://isellwinners.com/,general-competitor,"Mixed product/marketing layout with cards, nav, plan gates, and content surfaces.",Medium,Low,"Marketing pages, cards, free previews, account gates.",Free overview with paid depth.,Audit manually before coding any clone-like feature.,Treat as inspiration only until a direct screenshot and source audit is complete.,"Capture desktop and mobile screenshots, note navigation depth, logged-out gates, table/card density, motion/reduced-motion behavior, and pricing CTA placement."
media-betting-map,Draft Sharks,https://www.draftsharks.com/article/fantasy-football-cheat-sheet,contest-lobby,"Prize-first contest lobby: large contest cards, draft schedules, entry fee ladders, rules pages, winners/social proof, account CTAs.",Medium to high,Low. Static credibility and schedule clarity matter more than spectacle.,"Tournament cards, rules, live draft lists, app download panels, testimonials, responsible-play links.","Rules, schedule, and marketing are public. Draft rooms, entries, account, and private leagues are locked.",Use transparent format cards for every fantasy/DFS/game mode and show exactly what data the engine needs before a user commits.,"Do not scrape private leagues, draft rooms, or paid contest metadata.","Capture desktop and mobile screenshots, note navigation depth, logged-out gates, table/card density, motion/reduced-motion behavior, and pricing CTA placement."
media-betting-map,FantasyPros,https://www.fantasypros.com/premium/plans/,media-tool-suite,"Editorial plus tools: article feeds, rankings tables, analyst cards, plan pages, podcast/video blocks, gated tool CTAs.",Medium,"Low. Most value is navigation, content credibility, and clean conversion paths.","Articles, rankings, tool previews, plans, analyst brands, newsletters, podcasts, premium gates.","Free SEO articles and limited rankings pull users in. League sync, premium rankings, projections, and advanced tools are paid.","Unify editorial, model state, and cockpit tools so public content can cite live source status and paid surfaces can explain decisions.",Do not mimic analyst personalities or copy paid ranks/notes.,"Capture desktop and mobile screenshots, note navigation depth, logged-out gates, table/card density, motion/reduced-motion behavior, and pricing CTA placement."
media-betting-map,Footballguys,https://premium.footballguys.com/,optimizer-workbench,"Dense tool workspace: slate selector, projection/player table, filters, locks/excludes, stacks, exposures, generated lineups, export actions.",Very high,"Low. Motion usually limited to loading states, tab transitions, drawer open/close, and result generation feedback.","Projection grids, player pool tables, lineup cards, settings panels, CSV export, subscriber gates.","Free pages sell screenshots, feature lists, tutorials, and sample strategy. Real optimizer output is usually account or paid gated.","Build an operator-grade optimizer/control cockpit with explainable source state, confidence, why-it-changed, lock/exclude, exposure, correlation, and export. Compete on provenance and scenario narrative, not only mean projection.","Do not copy projections, ownership, screenshots, optimizer algorithms, or premium exports.","Capture desktop and mobile screenshots, note navigation depth, logged-out gates, table/card density, motion/reduced-motion behavior, and pricing CTA placement."
media-betting-map,Underdog Network / Hayden Winks and Josh Norris,https://underdognetwork.com/football/fantasy-rankings/july-2024-fantasy-football-rankings,pickem-social,"Mobile-first card stack: league chips, player stat cards, more/less toggles, pick slip, rewards, referrals, and social or leaderboard surfaces.",Medium,"Medium. Fast microinteractions, chips, toggles, pick confirmation, reward feedback, and live score refresh are the normal pattern.","Player prop cards, pick slip, contest/reward pages, feed, leaderboard, push-notification hooks.","Free browsing often exposes structure and some lines. Entries, deposits, jurisdiction checks, and rewards are locked in-app.","Use card speed for research surfaces: quick compare, line movement, player context, and confidence deltas. Add social proof carefully through transparent model behavior, not gambling hype.",Do not ingest private lines or imply sweepstakes/real-money legality without counsel.,"Capture desktop and mobile screenshots, note navigation depth, logged-out gates, table/card density, motion/reduced-motion behavior, and pricing CTA placement."
media-betting-map,Fantasy Footballers / Ultimate Draft Kit,https://www.thefantasyfootballers.com/fantasy-football-draft-kit,media-tool-suite,"Editorial plus tools: article feeds, rankings tables, analyst cards, plan pages, podcast/video blocks, gated tool CTAs.",Medium,"Low. Most value is navigation, content credibility, and clean conversion paths.","Articles, rankings, tool previews, plans, analyst brands, newsletters, podcasts, premium gates.","Free SEO articles and limited rankings pull users in. League sync, premium rankings, projections, and advanced tools are paid.","Unify editorial, model state, and cockpit tools so public content can cite live source status and paid surfaces can explain decisions.",Do not mimic analyst personalities or copy paid ranks/notes.,"Capture desktop and mobile screenshots, note navigation depth, logged-out gates, table/card density, motion/reduced-motion behavior, and pricing CTA placement."
media-betting-map,Action Network,https://actionnetworkhq.zendesk.com/hc/en-us/articles/14456167617805-Subscription-options,betting-intelligence,"Odds and intelligence dashboard: sportsbook comparison tables, +EV/arbitrage feeds, line movement charts, calculators, bet tracking, alerts.",High,"Low to medium. Priority is table freshness, live badges, line movement charts, and alert affordances.","Odds tables, calculators, EV feeds, bet slips, watchlists, notifications, educational funnels.","Calculators and education are often free. Live feeds, alerts, book syncing, and automation are paid.","Add free calculators and educational explainers, then paid live intelligence with source health and stale-line protection.","Avoid guaranteed-profit claims, blind tailing language, and unlicensed sportsbook data scraping.","Capture desktop and mobile screenshots, note navigation depth, logged-out gates, table/card density, motion/reduced-motion behavior, and pricing CTA placement."
media-betting-map,Covers,https://www.covers.com/,betting-intelligence,"Odds and intelligence dashboard: sportsbook comparison tables, +EV/arbitrage feeds, line movement charts, calculators, bet tracking, alerts.",High,"Low to medium. Priority is table freshness, live badges, line movement charts, and alert affordances.","Odds tables, calculators, EV feeds, bet slips, watchlists, notifications, educational funnels.","Calculators and education are often free. Live feeds, alerts, book syncing, and automation are paid.","Add free calculators and educational explainers, then paid live intelligence with source health and stale-line protection.","Avoid guaranteed-profit claims, blind tailing language, and unlicensed sportsbook data scraping.","Capture desktop and mobile screenshots, note navigation depth, logged-out gates, table/card density, motion/reduced-motion behavior, and pricing CTA placement."
media-betting-map,VegasInsider,https://www.vegasinsider.com/picks/,betting-intelligence,"Odds and intelligence dashboard: sportsbook comparison tables, +EV/arbitrage feeds, line movement charts, calculators, bet tracking, alerts.",High,"Low to medium. Priority is table freshness, live badges, line movement charts, and alert affordances.","Odds tables, calculators, EV feeds, bet slips, watchlists, notifications, educational funnels.","Calculators and education are often free. Live feeds, alerts, book syncing, and automation are paid.","Add free calculators and educational explainers, then paid live intelligence with source health and stale-line protection.","Avoid guaranteed-profit claims, blind tailing language, and unlicensed sportsbook data scraping.","Capture desktop and mobile screenshots, note navigation depth, logged-out gates, table/card density, motion/reduced-motion behavior, and pricing CTA placement."
media-betting-map,OddsJam,https://dev.oddsjam.com/betting-tools/positive-ev,betting-intelligence,"Odds and intelligence dashboard: sportsbook comparison tables, +EV/arbitrage feeds, line movement charts, calculators, bet tracking, alerts.",High,"Low to medium. Priority is table freshness, live badges, line movement charts, and alert affordances.","Odds tables, calculators, EV feeds, bet slips, watchlists, notifications, educational funnels.","Calculators and education are often free. Live feeds, alerts, book syncing, and automation are paid.","Add free calculators and educational explainers, then paid live intelligence with source health and stale-line protection.","Avoid guaranteed-profit claims, blind tailing language, and unlicensed sportsbook data scraping.","Capture desktop and mobile screenshots, note navigation depth, logged-out gates, table/card density, motion/reduced-motion behavior, and pricing CTA placement."
media-betting-map,Outlier,https://apps.apple.com/us/app/outlier-betting-data-tools/id6443885102,betting-intelligence,"Odds and intelligence dashboard: sportsbook comparison tables, +EV/arbitrage feeds, line movement charts, calculators, bet tracking, alerts.",High,"Low to medium. Priority is table freshness, live badges, line movement charts, and alert affordances.","Odds tables, calculators, EV feeds, bet slips, watchlists, notifications, educational funnels.","Calculators and education are often free. Live feeds, alerts, book syncing, and automation are paid.","Add free calculators and educational explainers, then paid live intelligence with source health and stale-line protection.","Avoid guaranteed-profit claims, blind tailing language, and unlicensed sportsbook data scraping.","Capture desktop and mobile screenshots, note navigation depth, logged-out gates, table/card density, motion/reduced-motion behavior, and pricing CTA placement."
optimizer-inventory,RotoGrinders LineupHQ,https://rotogrinders.com/lineuphq,optimizer-workbench,"Dense tool workspace: slate selector, projection/player table, filters, locks/excludes, stacks, exposures, generated lineups, export actions.",Very high,"Low. Motion usually limited to loading states, tab transitions, drawer open/close, and result generation feedback.","Projection grids, player pool tables, lineup cards, settings panels, CSV export, subscriber gates.","Free pages sell screenshots, feature lists, tutorials, and sample strategy. Real optimizer output is usually account or paid gated.","Build an operator-grade optimizer/control cockpit with explainable source state, confidence, why-it-changed, lock/exclude, exposure, correlation, and export. Compete on provenance and scenario narrative, not only mean projection.","Do not copy projections, ownership, screenshots, optimizer algorithms, or premium exports.","Capture desktop and mobile screenshots, note navigation depth, logged-out gates, table/card density, motion/reduced-motion behavior, and pricing CTA placement."
optimizer-inventory,SaberSim,https://www.sabersim.com/nfl/optimizer,optimizer-workbench,"Dense tool workspace: slate selector, projection/player table, filters, locks/excludes, stacks, exposures, generated lineups, export actions.",Very high,"Low. Motion usually limited to loading states, tab transitions, drawer open/close, and result generation feedback.","Projection grids, player pool tables, lineup cards, settings panels, CSV export, subscriber gates.","Free pages sell screenshots, feature lists, tutorials, and sample strategy. Real optimizer output is usually account or paid gated.","Build an operator-grade optimizer/control cockpit with explainable source state, confidence, why-it-changed, lock/exclude, exposure, correlation, and export. Compete on provenance and scenario narrative, not only mean projection.","Do not copy projections, ownership, screenshots, optimizer algorithms, or premium exports.","Capture desktop and mobile screenshots, note navigation depth, logged-out gates, table/card density, motion/reduced-motion behavior, and pricing CTA placement."
optimizer-inventory,FantasyCruncher,https://www.fantasycruncher.com/help/faqs,optimizer-workbench,"Dense tool workspace: slate selector, projection/player table, filters, locks/excludes, stacks, exposures, generated lineups, export actions.",Very high,"Low. Motion usually limited to loading states, tab transitions, drawer open/close, and result generation feedback.","Projection grids, player pool tables, lineup cards, settings panels, CSV export, subscriber gates.","Free pages sell screenshots, feature lists, tutorials, and sample strategy. Real optimizer output is usually account or paid gated.","Build an operator-grade optimizer/control cockpit with explainable source state, confidence, why-it-changed, lock/exclude, exposure, correlation, and export. Compete on provenance and scenario narrative, not only mean projection.","Do not copy projections, ownership, screenshots, optimizer algorithms, or premium exports.","Capture desktop and mobile screenshots, note navigation depth, logged-out gates, table/card density, motion/reduced-motion behavior, and pricing CTA placement."
optimizer-inventory,FantasyLabs,https://www.fantasylabs.com/daily-fantasy-sports/NFL/,optimizer-workbench,"Dense tool workspace: slate selector, projection/player table, filters, locks/excludes, stacks, exposures, generated lineups, export actions.",Very high,"Low. Motion usually limited to loading states, tab transitions, drawer open/close, and result generation feedback.","Projection grids, player pool tables, lineup cards, settings panels, CSV export, subscriber gates.","Free pages sell screenshots, feature lists, tutorials, and sample strategy. Real optimizer output is usually account or paid gated.","Build an operator-grade optimizer/control cockpit with explainable source state, confidence, why-it-changed, lock/exclude, exposure, correlation, and export. Compete on provenance and scenario narrative, not only mean projection.","Do not copy projections, ownership, screenshots, optimizer algorithms, or premium exports.","Capture desktop and mobile screenshots, note navigation depth, logged-out gates, table/card density, motion/reduced-motion behavior, and pricing CTA placement."
optimizer-inventory,Run The Sims,https://www.runthesims.com/,optimizer-workbench,"Dense tool workspace: slate selector, projection/player table, filters, locks/excludes, stacks, exposures, generated lineups, export actions.",Very high,"Low. Motion usually limited to loading states, tab transitions, drawer open/close, and result generation feedback.","Projection grids, player pool tables, lineup cards, settings panels, CSV export, subscriber gates.","Free pages sell screenshots, feature lists, tutorials, and sample strategy. Real optimizer output is usually account or paid gated.","Build an operator-grade optimizer/control cockpit with explainable source state, confidence, why-it-changed, lock/exclude, exposure, correlation, and export. Compete on provenance and scenario narrative, not only mean projection.","Do not copy projections, ownership, screenshots, optimizer algorithms, or premium exports.","Capture desktop and mobile screenshots, note navigation depth, logged-out gates, table/card density, motion/reduced-motion behavior, and pricing CTA placement."
optimizer-inventory,DFS Army Domination Station,https://www.dfsarmy.com/2018/01/domination-station-optimizer-nfl-tutorial.html,optimizer-workbench,"Dense tool workspace: slate selector, projection/player table, filters, locks/excludes, stacks, exposures, generated lineups, export actions.",Very high,"Low. Motion usually limited to loading states, tab transitions, drawer open/close, and result generation feedback.","Projection grids, player pool tables, lineup cards, settings panels, CSV export, subscriber gates.","Free pages sell screenshots, feature lists, tutorials, and sample strategy. Real optimizer output is usually account or paid gated.","Build an operator-grade optimizer/control cockpit with explainable source state, confidence, why-it-changed, lock/exclude, exposure, correlation, and export. Compete on provenance and scenario narrative, not only mean projection.","Do not copy projections, ownership, screenshots, optimizer algorithms, or premium exports.","Capture desktop and mobile screenshots, note navigation depth, logged-out gates, table/card density, motion/reduced-motion behavior, and pricing CTA placement."
optimizer-inventory,FTN NFL Optimizer,https://ftnfantasy.com/dfs/nfl/optimizer,optimizer-workbench,"Dense tool workspace: slate selector, projection/player table, filters, locks/excludes, stacks, exposures, generated lineups, export actions.",Very high,"Low. Motion usually limited to loading states, tab transitions, drawer open/close, and result generation feedback.","Projection grids, player pool tables, lineup cards, settings panels, CSV export, subscriber gates.","Free pages sell screenshots, feature lists, tutorials, and sample strategy. Real optimizer output is usually account or paid gated.","Build an operator-grade optimizer/control cockpit with explainable source state, confidence, why-it-changed, lock/exclude, exposure, correlation, and export. Compete on provenance and scenario narrative, not only mean projection.","Do not copy projections, ownership, screenshots, optimizer algorithms, or premium exports.","Capture desktop and mobile screenshots, note navigation depth, logged-out gates, table/card density, motion/reduced-motion behavior, and pricing CTA placement."
optimizer-inventory,Footballguys Multi Lineup Optimizer,https://www.footballguys.com/article/guide-dfs-lineup-optimizer?article=guide-dfs-lineup-optimizer,optimizer-workbench,"Dense tool workspace: slate selector, projection/player table, filters, locks/excludes, stacks, exposures, generated lineups, export actions.",Very high,"Low. Motion usually limited to loading states, tab transitions, drawer open/close, and result generation feedback.","Projection grids, player pool tables, lineup cards, settings panels, CSV export, subscriber gates.","Free pages sell screenshots, feature lists, tutorials, and sample strategy. Real optimizer output is usually account or paid gated.","Build an operator-grade optimizer/control cockpit with explainable source state, confidence, why-it-changed, lock/exclude, exposure, correlation, and export. Compete on provenance and scenario narrative, not only mean projection.","Do not copy projections, ownership, screenshots, optimizer algorithms, or premium exports.","Capture desktop and mobile screenshots, note navigation depth, logged-out gates, table/card density, motion/reduced-motion behavior, and pricing CTA placement."
optimizer-inventory,FantasyPros DFS Optimizer,https://www.fantasypros.com/daily-fantasy/nfl/lineup-optimizer.php,optimizer-workbench,"Dense tool workspace: slate selector, projection/player table, filters, locks/excludes, stacks, exposures, generated lineups, export actions.",Very high,"Low. Motion usually limited to loading states, tab transitions, drawer open/close, and result generation feedback.","Projection grids, player pool tables, lineup cards, settings panels, CSV export, subscriber gates.","Free pages sell screenshots, feature lists, tutorials, and sample strategy. Real optimizer output is usually account or paid gated.","Build an operator-grade optimizer/control cockpit with explainable source state, confidence, why-it-changed, lock/exclude, exposure, correlation, and export. Compete on provenance and scenario narrative, not only mean projection.","Do not copy projections, ownership, screenshots, optimizer algorithms, or premium exports.","Capture desktop and mobile screenshots, note navigation depth, logged-out gates, table/card density, motion/reduced-motion behavior, and pricing CTA placement."
optimizer-inventory,RotoWire NFL Optimizer,https://www.rotowire.com/daily/nfl/optimizer.php,optimizer-workbench,"Dense tool workspace: slate selector, projection/player table, filters, locks/excludes, stacks, exposures, generated lineups, export actions.",Very high,"Low. Motion usually limited to loading states, tab transitions, drawer open/close, and result generation feedback.","Projection grids, player pool tables, lineup cards, settings panels, CSV export, subscriber gates.","Free pages sell screenshots, feature lists, tutorials, and sample strategy. Real optimizer output is usually account or paid gated.","Build an operator-grade optimizer/control cockpit with explainable source state, confidence, why-it-changed, lock/exclude, exposure, correlation, and export. Compete on provenance and scenario narrative, not only mean projection.","Do not copy projections, ownership, screenshots, optimizer algorithms, or premium exports.","Capture desktop and mobile screenshots, note navigation depth, logged-out gates, table/card density, motion/reduced-motion behavior, and pricing CTA placement."
optimizer-inventory,4for4 Lineup Generator,https://www.4for4.com/nfl-dfs-lineup-optimizer/1000,optimizer-workbench,"Dense tool workspace: slate selector, projection/player table, filters, locks/excludes, stacks, exposures, generated lineups, export actions.",Very high,"Low. Motion usually limited to loading states, tab transitions, drawer open/close, and result generation feedback.","Projection grids, player pool tables, lineup cards, settings panels, CSV export, subscriber gates.","Free pages sell screenshots, feature lists, tutorials, and sample strategy. Real optimizer output is usually account or paid gated.","Build an operator-grade optimizer/control cockpit with explainable source state, confidence, why-it-changed, lock/exclude, exposure, correlation, and export. Compete on provenance and scenario narrative, not only mean projection.","Do not copy projections, ownership, screenshots, optimizer algorithms, or premium exports.","Capture desktop and mobile screenshots, note navigation depth, logged-out gates, table/card density, motion/reduced-motion behavior, and pricing CTA placement."
optimizer-inventory,The Solver,https://thesolver.com/optimizer/nfl/,optimizer-workbench,"Dense tool workspace: slate selector, projection/player table, filters, locks/excludes, stacks, exposures, generated lineups, export actions.",Very high,"Low. Motion usually limited to loading states, tab transitions, drawer open/close, and result generation feedback.","Projection grids, player pool tables, lineup cards, settings panels, CSV export, subscriber gates.","Free pages sell screenshots, feature lists, tutorials, and sample strategy. Real optimizer output is usually account or paid gated.","Build an operator-grade optimizer/control cockpit with explainable source state, confidence, why-it-changed, lock/exclude, exposure, correlation, and export. Compete on provenance and scenario narrative, not only mean projection.","Do not copy projections, ownership, screenshots, optimizer algorithms, or premium exports.","Capture desktop and mobile screenshots, note navigation depth, logged-out gates, table/card density, motion/reduced-motion behavior, and pricing CTA placement."
optimizer-inventory,LineStar,https://www.linestarapp.com/,optimizer-workbench,"Dense tool workspace: slate selector, projection/player table, filters, locks/excludes, stacks, exposures, generated lineups, export actions.",Very high,"Low. Motion usually limited to loading states, tab transitions, drawer open/close, and result generation feedback.","Projection grids, player pool tables, lineup cards, settings panels, CSV export, subscriber gates.","Free pages sell screenshots, feature lists, tutorials, and sample strategy. Real optimizer output is usually account or paid gated.","Build an operator-grade optimizer/control cockpit with explainable source state, confidence, why-it-changed, lock/exclude, exposure, correlation, and export. Compete on provenance and scenario narrative, not only mean projection.","Do not copy projections, ownership, screenshots, optimizer algorithms, or premium exports.","Capture desktop and mobile screenshots, note navigation depth, logged-out gates, table/card density, motion/reduced-motion behavior, and pricing CTA placement."
optimizer-inventory,Daily Fantasy Fuel,https://www.dailyfantasyfuel.com/nfl,optimizer-workbench,"Dense tool workspace: slate selector, projection/player table, filters, locks/excludes, stacks, exposures, generated lineups, export actions.",Very high,"Low. Motion usually limited to loading states, tab transitions, drawer open/close, and result generation feedback.","Projection grids, player pool tables, lineup cards, settings panels, CSV export, subscriber gates.","Free pages sell screenshots, feature lists, tutorials, and sample strategy. Real optimizer output is usually account or paid gated.","Build an operator-grade optimizer/control cockpit with explainable source state, confidence, why-it-changed, lock/exclude, exposure, correlation, and export. Compete on provenance and scenario narrative, not only mean projection.","Do not copy projections, ownership, screenshots, optimizer algorithms, or premium exports.","Capture desktop and mobile screenshots, note navigation depth, logged-out gates, table/card density, motion/reduced-motion behavior, and pricing CTA placement."
optimizer-inventory,Draft Dashboard,https://www.draftdashboard.com/,optimizer-workbench,"Dense tool workspace: slate selector, projection/player table, filters, locks/excludes, stacks, exposures, generated lineups, export actions.",Very high,"Low. Motion usually limited to loading states, tab transitions, drawer open/close, and result generation feedback.","Projection grids, player pool tables, lineup cards, settings panels, CSV export, subscriber gates.","Free pages sell screenshots, feature lists, tutorials, and sample strategy. Real optimizer output is usually account or paid gated.","Build an operator-grade optimizer/control cockpit with explainable source state, confidence, why-it-changed, lock/exclude, exposure, correlation, and export. Compete on provenance and scenario narrative, not only mean projection.","Do not copy projections, ownership, screenshots, optimizer algorithms, or premium exports.","Capture desktop and mobile screenshots, note navigation depth, logged-out gates, table/card density, motion/reduced-motion behavior, and pricing CTA placement."
optimizer-inventory,FantasyData NFL Optimizer,https://fantasydata.com/nfl/optimizer,optimizer-workbench,"Dense tool workspace: slate selector, projection/player table, filters, locks/excludes, stacks, exposures, generated lineups, export actions.",Very high,"Low. Motion usually limited to loading states, tab transitions, drawer open/close, and result generation feedback.","Projection grids, player pool tables, lineup cards, settings panels, CSV export, subscriber gates.","Free pages sell screenshots, feature lists, tutorials, and sample strategy. Real optimizer output is usually account or paid gated.","Build an operator-grade optimizer/control cockpit with explainable source state, confidence, why-it-changed, lock/exclude, exposure, correlation, and export. Compete on provenance and scenario narrative, not only mean projection.","Do not copy projections, ownership, screenshots, optimizer algorithms, or premium exports.","Capture desktop and mobile screenshots, note navigation depth, logged-out gates, table/card density, motion/reduced-motion behavior, and pricing CTA placement."
optimizer-inventory,Fantasy Points Optimizer,https://www.fantasypoints.com/nfl/tools/fpo,optimizer-workbench,"Dense tool workspace: slate selector, projection/player table, filters, locks/excludes, stacks, exposures, generated lineups, export actions.",Very high,"Low. Motion usually limited to loading states, tab transitions, drawer open/close, and result generation feedback.","Projection grids, player pool tables, lineup cards, settings panels, CSV export, subscriber gates.","Free pages sell screenshots, feature lists, tutorials, and sample strategy. Real optimizer output is usually account or paid gated.","Build an operator-grade optimizer/control cockpit with explainable source state, confidence, why-it-changed, lock/exclude, exposure, correlation, and export. Compete on provenance and scenario narrative, not only mean projection.","Do not copy projections, ownership, screenshots, optimizer algorithms, or premium exports.","Capture desktop and mobile screenshots, note navigation depth, logged-out gates, table/card density, motion/reduced-motion behavior, and pricing CTA placement."
optimizer-inventory,SportsLine DFS Optimizer,https://www.sportsline.com/nfl/daily-fantasy/optimizer//,optimizer-workbench,"Dense tool workspace: slate selector, projection/player table, filters, locks/excludes, stacks, exposures, generated lineups, export actions.",Very high,"Low. Motion usually limited to loading states, tab transitions, drawer open/close, and result generation feedback.","Projection grids, player pool tables, lineup cards, settings panels, CSV export, subscriber gates.","Free pages sell screenshots, feature lists, tutorials, and sample strategy. Real optimizer output is usually account or paid gated.","Build an operator-grade optimizer/control cockpit with explainable source state, confidence, why-it-changed, lock/exclude, exposure, correlation, and export. Compete on provenance and scenario narrative, not only mean projection.","Do not copy projections, ownership, screenshots, optimizer algorithms, or premium exports.","Capture desktop and mobile screenshots, note navigation depth, logged-out gates, table/card density, motion/reduced-motion behavior, and pricing CTA placement."
optimizer-inventory,Occupy Fantasy Lineup Builder,https://occupyfantasy.com/lineupbuilder/,optimizer-workbench,"Dense tool workspace: slate selector, projection/player table, filters, locks/excludes, stacks, exposures, generated lineups, export actions.",Very high,"Low. Motion usually limited to loading states, tab transitions, drawer open/close, and result generation feedback.","Projection grids, player pool tables, lineup cards, settings panels, CSV export, subscriber gates.","Free pages sell screenshots, feature lists, tutorials, and sample strategy. Real optimizer output is usually account or paid gated.","Build an operator-grade optimizer/control cockpit with explainable source state, confidence, why-it-changed, lock/exclude, exposure, correlation, and export. Compete on provenance and scenario narrative, not only mean projection.","Do not copy projections, ownership, screenshots, optimizer algorithms, or premium exports.","Capture desktop and mobile screenshots, note navigation depth, logged-out gates, table/card density, motion/reduced-motion behavior, and pricing CTA placement."
optimizer-inventory,RotoBaller NFL DFS Optimizer,https://www.rotoballer.com/nfl-dfs-lineup-optimizer-daily-lineup-generator-draftkings-fanduel,optimizer-workbench,"Dense tool workspace: slate selector, projection/player table, filters, locks/excludes, stacks, exposures, generated lineups, export actions.",Very high,"Low. Motion usually limited to loading states, tab transitions, drawer open/close, and result generation feedback.","Projection grids, player pool tables, lineup cards, settings panels, CSV export, subscriber gates.","Free pages sell screenshots, feature lists, tutorials, and sample strategy. Real optimizer output is usually account or paid gated.","Build an operator-grade optimizer/control cockpit with explainable source state, confidence, why-it-changed, lock/exclude, exposure, correlation, and export. Compete on provenance and scenario narrative, not only mean projection.","Do not copy projections, ownership, screenshots, optimizer algorithms, or premium exports.","Capture desktop and mobile screenshots, note navigation depth, logged-out gates, table/card density, motion/reduced-motion behavior, and pricing CTA placement."
optimizer-inventory,FantasySP DFS Optimizer,https://hlp.fantasysp.com/en-us/article/dfs-optimizer-faqs-1plssvd/,optimizer-workbench,"Dense tool workspace: slate selector, projection/player table, filters, locks/excludes, stacks, exposures, generated lineups, export actions.",Very high,"Low. Motion usually limited to loading states, tab transitions, drawer open/close, and result generation feedback.","Projection grids, player pool tables, lineup cards, settings panels, CSV export, subscriber gates.","Free pages sell screenshots, feature lists, tutorials, and sample strategy. Real optimizer output is usually account or paid gated.","Build an operator-grade optimizer/control cockpit with explainable source state, confidence, why-it-changed, lock/exclude, exposure, correlation, and export. Compete on provenance and scenario narrative, not only mean projection.","Do not copy projections, ownership, screenshots, optimizer algorithms, or premium exports.","Capture desktop and mobile screenshots, note navigation depth, logged-out gates, table/card density, motion/reduced-motion behavior, and pricing CTA placement."
optimizer-inventory,Daily Fantasy Nerd,https://dailyfantasynerd.zendesk.com/hc/en-us/articles/204563137-What-stat-and-lineup-filters-are-available-,optimizer-workbench,"Dense tool workspace: slate selector, projection/player table, filters, locks/excludes, stacks, exposures, generated lineups, export actions.",Very high,"Low. Motion usually limited to loading states, tab transitions, drawer open/close, and result generation feedback.","Projection grids, player pool tables, lineup cards, settings panels, CSV export, subscriber gates.","Free pages sell screenshots, feature lists, tutorials, and sample strategy. Real optimizer output is usually account or paid gated.","Build an operator-grade optimizer/control cockpit with explainable source state, confidence, why-it-changed, lock/exclude, exposure, correlation, and export. Compete on provenance and scenario narrative, not only mean projection.","Do not copy projections, ownership, screenshots, optimizer algorithms, or premium exports.","Capture desktop and mobile screenshots, note navigation depth, logged-out gates, table/card density, motion/reduced-motion behavior, and pricing CTA placement."
optimizer-inventory,Fantasy Nerds Lineup Assistant,https://www.fantasynerds.com/nfl/dfs,optimizer-workbench,"Dense tool workspace: slate selector, projection/player table, filters, locks/excludes, stacks, exposures, generated lineups, export actions.",Very high,"Low. Motion usually limited to loading states, tab transitions, drawer open/close, and result generation feedback.","Projection grids, player pool tables, lineup cards, settings panels, CSV export, subscriber gates.","Free pages sell screenshots, feature lists, tutorials, and sample strategy. Real optimizer output is usually account or paid gated.","Build an operator-grade optimizer/control cockpit with explainable source state, confidence, why-it-changed, lock/exclude, exposure, correlation, and export. Compete on provenance and scenario narrative, not only mean projection.","Do not copy projections, ownership, screenshots, optimizer algorithms, or premium exports.","Capture desktop and mobile screenshots, note navigation depth, logged-out gates, table/card density, motion/reduced-motion behavior, and pricing CTA placement."
optimizer-inventory,RotoQL,https://www.rotoql.com/features,optimizer-workbench,"Dense tool workspace: slate selector, projection/player table, filters, locks/excludes, stacks, exposures, generated lineups, export actions.",Very high,"Low. Motion usually limited to loading states, tab transitions, drawer open/close, and result generation feedback.","Projection grids, player pool tables, lineup cards, settings panels, CSV export, subscriber gates.","Free pages sell screenshots, feature lists, tutorials, and sample strategy. Real optimizer output is usually account or paid gated.","Build an operator-grade optimizer/control cockpit with explainable source state, confidence, why-it-changed, lock/exclude, exposure, correlation, and export. Compete on provenance and scenario narrative, not only mean projection.","Do not copy projections, ownership, screenshots, optimizer algorithms, or premium exports.","Capture desktop and mobile screenshots, note navigation depth, logged-out gates, table/card density, motion/reduced-motion behavior, and pricing CTA placement."
optimizer-inventory,Fantasy Bullet,https://www.fantasybullet.com/,optimizer-workbench,"Dense tool workspace: slate selector, projection/player table, filters, locks/excludes, stacks, exposures, generated lineups, export actions.",Very high,"Low. Motion usually limited to loading states, tab transitions, drawer open/close, and result generation feedback.","Projection grids, player pool tables, lineup cards, settings panels, CSV export, subscriber gates.","Free pages sell screenshots, feature lists, tutorials, and sample strategy. Real optimizer output is usually account or paid gated.","Build an operator-grade optimizer/control cockpit with explainable source state, confidence, why-it-changed, lock/exclude, exposure, correlation, and export. Compete on provenance and scenario narrative, not only mean projection.","Do not copy projections, ownership, screenshots, optimizer algorithms, or premium exports.","Capture desktop and mobile screenshots, note navigation depth, logged-out gates, table/card density, motion/reduced-motion behavior, and pricing CTA placement."
optimizer-inventory,SlateDFS,https://slatedfs.com/,optimizer-workbench,"Dense tool workspace: slate selector, projection/player table, filters, locks/excludes, stacks, exposures, generated lineups, export actions.",Very high,"Low. Motion usually limited to loading states, tab transitions, drawer open/close, and result generation feedback.","Projection grids, player pool tables, lineup cards, settings panels, CSV export, subscriber gates.","Free pages sell screenshots, feature lists, tutorials, and sample strategy. Real optimizer output is usually account or paid gated.","Build an operator-grade optimizer/control cockpit with explainable source state, confidence, why-it-changed, lock/exclude, exposure, correlation, and export. Compete on provenance and scenario narrative, not only mean projection.","Do not copy projections, ownership, screenshots, optimizer algorithms, or premium exports.","Capture desktop and mobile screenshots, note navigation depth, logged-out gates, table/card density, motion/reduced-motion behavior, and pricing CTA placement."
optimizer-inventory,DFS War Room,https://dfswarroom.com/,optimizer-workbench,"Dense tool workspace: slate selector, projection/player table, filters, locks/excludes, stacks, exposures, generated lineups, export actions.",Very high,"Low. Motion usually limited to loading states, tab transitions, drawer open/close, and result generation feedback.","Projection grids, player pool tables, lineup cards, settings panels, CSV export, subscriber gates.","Free pages sell screenshots, feature lists, tutorials, and sample strategy. Real optimizer output is usually account or paid gated.","Build an operator-grade optimizer/control cockpit with explainable source state, confidence, why-it-changed, lock/exclude, exposure, correlation, and export. Compete on provenance and scenario narrative, not only mean projection.","Do not copy projections, ownership, screenshots, optimizer algorithms, or premium exports.","Capture desktop and mobile screenshots, note navigation depth, logged-out gates, table/card density, motion/reduced-motion behavior, and pricing CTA placement."
optimizer-inventory,Daily Fantasy Optimizer,https://dailyfantasyoptimizer.com/,optimizer-workbench,"Dense tool workspace: slate selector, projection/player table, filters, locks/excludes, stacks, exposures, generated lineups, export actions.",Very high,"Low. Motion usually limited to loading states, tab transitions, drawer open/close, and result generation feedback.","Projection grids, player pool tables, lineup cards, settings panels, CSV export, subscriber gates.","Free pages sell screenshots, feature lists, tutorials, and sample strategy. Real optimizer output is usually account or paid gated.","Build an operator-grade optimizer/control cockpit with explainable source state, confidence, why-it-changed, lock/exclude, exposure, correlation, and export. Compete on provenance and scenario narrative, not only mean projection.","Do not copy projections, ownership, screenshots, optimizer algorithms, or premium exports.","Capture desktop and mobile screenshots, note navigation depth, logged-out gates, table/card density, motion/reduced-motion behavior, and pricing CTA placement."
optimizer-inventory,PropsOptimizer,https://www.propsoptimizer.com/,optimizer-workbench,"Dense tool workspace: slate selector, projection/player table, filters, locks/excludes, stacks, exposures, generated lineups, export actions.",Very high,"Low. Motion usually limited to loading states, tab transitions, drawer open/close, and result generation feedback.","Projection grids, player pool tables, lineup cards, settings panels, CSV export, subscriber gates.","Free pages sell screenshots, feature lists, tutorials, and sample strategy. Real optimizer output is usually account or paid gated.","Build an operator-grade optimizer/control cockpit with explainable source state, confidence, why-it-changed, lock/exclude, exposure, correlation, and export. Compete on provenance and scenario narrative, not only mean projection.","Do not copy projections, ownership, screenshots, optimizer algorithms, or premium exports.","Capture desktop and mobile screenshots, note navigation depth, logged-out gates, table/card density, motion/reduced-motion behavior, and pricing CTA placement."
optimizer-inventory,Compounding Edges,https://www.compoundingedges.com/nfl/dfs-optimizer,optimizer-workbench,"Dense tool workspace: slate selector, projection/player table, filters, locks/excludes, stacks, exposures, generated lineups, export actions.",Very high,"Low. Motion usually limited to loading states, tab transitions, drawer open/close, and result generation feedback.","Projection grids, player pool tables, lineup cards, settings panels, CSV export, subscriber gates.","Free pages sell screenshots, feature lists, tutorials, and sample strategy. Real optimizer output is usually account or paid gated.","Build an operator-grade optimizer/control cockpit with explainable source state, confidence, why-it-changed, lock/exclude, exposure, correlation, and export. Compete on provenance and scenario narrative, not only mean projection.","Do not copy projections, ownership, screenshots, optimizer algorithms, or premium exports.","Capture desktop and mobile screenshots, note navigation depth, logged-out gates, table/card density, motion/reduced-motion behavior, and pricing CTA placement."
optimizer-inventory,Variance DFS,https://www.variancedfs.com/,optimizer-workbench,"Dense tool workspace: slate selector, projection/player table, filters, locks/excludes, stacks, exposures, generated lineups, export actions.",Very high,"Low. Motion usually limited to loading states, tab transitions, drawer open/close, and result generation feedback.","Projection grids, player pool tables, lineup cards, settings panels, CSV export, subscriber gates.","Free pages sell screenshots, feature lists, tutorials, and sample strategy. Real optimizer output is usually account or paid gated.","Build an operator-grade optimizer/control cockpit with explainable source state, confidence, why-it-changed, lock/exclude, exposure, correlation, and export. Compete on provenance and scenario narrative, not only mean projection.","Do not copy projections, ownership, screenshots, optimizer algorithms, or premium exports.","Capture desktop and mobile screenshots, note navigation depth, logged-out gates, table/card density, motion/reduced-motion behavior, and pricing CTA placement."
optimizer-inventory,DraftDime,https://www.draftdime.com/,optimizer-workbench,"Dense tool workspace: slate selector, projection/player table, filters, locks/excludes, stacks, exposures, generated lineups, export actions.",Very high,"Low. Motion usually limited to loading states, tab transitions, drawer open/close, and result generation feedback.","Projection grids, player pool tables, lineup cards, settings panels, CSV export, subscriber gates.","Free pages sell screenshots, feature lists, tutorials, and sample strategy. Real optimizer output is usually account or paid gated.","Build an operator-grade optimizer/control cockpit with explainable source state, confidence, why-it-changed, lock/exclude, exposure, correlation, and export. Compete on provenance and scenario narrative, not only mean projection.","Do not copy projections, ownership, screenshots, optimizer algorithms, or premium exports.","Capture desktop and mobile screenshots, note navigation depth, logged-out gates, table/card density, motion/reduced-motion behavior, and pricing CTA placement."
optimizer-inventory,DFS GPT,https://dfsgpt.com/,optimizer-workbench,"Dense tool workspace: slate selector, projection/player table, filters, locks/excludes, stacks, exposures, generated lineups, export actions.",Very high,"Low. Motion usually limited to loading states, tab transitions, drawer open/close, and result generation feedback.","Projection grids, player pool tables, lineup cards, settings panels, CSV export, subscriber gates.","Free pages sell screenshots, feature lists, tutorials, and sample strategy. Real optimizer output is usually account or paid gated.","Build an operator-grade optimizer/control cockpit with explainable source state, confidence, why-it-changed, lock/exclude, exposure, correlation, and export. Compete on provenance and scenario narrative, not only mean projection.","Do not copy projections, ownership, screenshots, optimizer algorithms, or premium exports.","Capture desktop and mobile screenshots, note navigation depth, logged-out gates, table/card density, motion/reduced-motion behavior, and pricing CTA placement."
optimizer-inventory,Sportskeeda DFS Optimizer,https://www.sportskeeda.com/nfl/nfl-dfs-lineup-optimizer,optimizer-workbench,"Dense tool workspace: slate selector, projection/player table, filters, locks/excludes, stacks, exposures, generated lineups, export actions.",Very high,"Low. Motion usually limited to loading states, tab transitions, drawer open/close, and result generation feedback.","Projection grids, player pool tables, lineup cards, settings panels, CSV export, subscriber gates.","Free pages sell screenshots, feature lists, tutorials, and sample strategy. Real optimizer output is usually account or paid gated.","Build an operator-grade optimizer/control cockpit with explainable source state, confidence, why-it-changed, lock/exclude, exposure, correlation, and export. Compete on provenance and scenario narrative, not only mean projection.","Do not copy projections, ownership, screenshots, optimizer algorithms, or premium exports.","Capture desktop and mobile screenshots, note navigation depth, logged-out gates, table/card density, motion/reduced-motion behavior, and pricing CTA placement."
optimizer-inventory,Stokastic Sims and Contest Generator,https://www.stokastic.com/news/new-nfl-dfs-tools-2025-sims-projections-much-much-more-ac14/,optimizer-workbench,"Dense tool workspace: slate selector, projection/player table, filters, locks/excludes, stacks, exposures, generated lineups, export actions.",Very high,"Low. Motion usually limited to loading states, tab transitions, drawer open/close, and result generation feedback.","Projection grids, player pool tables, lineup cards, settings panels, CSV export, subscriber gates.","Free pages sell screenshots, feature lists, tutorials, and sample strategy. Real optimizer output is usually account or paid gated.","Build an operator-grade optimizer/control cockpit with explainable source state, confidence, why-it-changed, lock/exclude, exposure, correlation, and export. Compete on provenance and scenario narrative, not only mean projection.","Do not copy projections, ownership, screenshots, optimizer algorithms, or premium exports.","Capture desktop and mobile screenshots, note navigation depth, logged-out gates, table/card density, motion/reduced-motion behavior, and pricing CTA placement."
optimizer-inventory,EdgeStack AI,https://www.edgestackai.com/,optimizer-workbench,"Dense tool workspace: slate selector, projection/player table, filters, locks/excludes, stacks, exposures, generated lineups, export actions.",Very high,"Low. Motion usually limited to loading states, tab transitions, drawer open/close, and result generation feedback.","Projection grids, player pool tables, lineup cards, settings panels, CSV export, subscriber gates.","Free pages sell screenshots, feature lists, tutorials, and sample strategy. Real optimizer output is usually account or paid gated.","Build an operator-grade optimizer/control cockpit with explainable source state, confidence, why-it-changed, lock/exclude, exposure, correlation, and export. Compete on provenance and scenario narrative, not only mean projection.","Do not copy projections, ownership, screenshots, optimizer algorithms, or premium exports.","Capture desktop and mobile screenshots, note navigation depth, logged-out gates, table/card density, motion/reduced-motion behavior, and pricing CTA placement."
optimizer-inventory,HTCDFS,https://htcdfs.com/,optimizer-workbench,"Dense tool workspace: slate selector, projection/player table, filters, locks/excludes, stacks, exposures, generated lineups, export actions.",Very high,"Low. Motion usually limited to loading states, tab transitions, drawer open/close, and result generation feedback.","Projection grids, player pool tables, lineup cards, settings panels, CSV export, subscriber gates.","Free pages sell screenshots, feature lists, tutorials, and sample strategy. Real optimizer output is usually account or paid gated.","Build an operator-grade optimizer/control cockpit with explainable source state, confidence, why-it-changed, lock/exclude, exposure, correlation, and export. Compete on provenance and scenario narrative, not only mean projection.","Do not copy projections, ownership, screenshots, optimizer algorithms, or premium exports.","Capture desktop and mobile screenshots, note navigation depth, logged-out gates, table/card density, motion/reduced-motion behavior, and pricing CTA placement."
optimizer-inventory,One Week Season + FantasyLabs,https://www.fantasylabs.com/pricing-ows/,optimizer-workbench,"Dense tool workspace: slate selector, projection/player table, filters, locks/excludes, stacks, exposures, generated lineups, export actions.",Very high,"Low. Motion usually limited to loading states, tab transitions, drawer open/close, and result generation feedback.","Projection grids, player pool tables, lineup cards, settings panels, CSV export, subscriber gates.","Free pages sell screenshots, feature lists, tutorials, and sample strategy. Real optimizer output is usually account or paid gated.","Build an operator-grade optimizer/control cockpit with explainable source state, confidence, why-it-changed, lock/exclude, exposure, correlation, and export. Compete on provenance and scenario narrative, not only mean projection.","Do not copy projections, ownership, screenshots, optimizer algorithms, or premium exports.","Capture desktop and mobile screenshots, note navigation depth, logged-out gates, table/card density, motion/reduced-motion behavior, and pricing CTA placement."
optimizer-inventory,Draftwise,https://draftwise.io/,optimizer-workbench,"Dense tool workspace: slate selector, projection/player table, filters, locks/excludes, stacks, exposures, generated lineups, export actions.",Very high,"Low. Motion usually limited to loading states, tab transitions, drawer open/close, and result generation feedback.","Projection grids, player pool tables, lineup cards, settings panels, CSV export, subscriber gates.","Free pages sell screenshots, feature lists, tutorials, and sample strategy. Real optimizer output is usually account or paid gated.","Build an operator-grade optimizer/control cockpit with explainable source state, confidence, why-it-changed, lock/exclude, exposure, correlation, and export. Compete on provenance and scenario narrative, not only mean projection.","Do not copy projections, ownership, screenshots, optimizer algorithms, or premium exports.","Capture desktop and mobile screenshots, note navigation depth, logged-out gates, table/card density, motion/reduced-motion behavior, and pricing CTA placement."
optimizer-inventory,pydfs-lineup-optimizer,https://github.com/DimaKudosh/pydfs-lineup-optimizer,optimizer-workbench,"Dense tool workspace: slate selector, projection/player table, filters, locks/excludes, stacks, exposures, generated lineups, export actions.",Very high,"Low. Motion usually limited to loading states, tab transitions, drawer open/close, and result generation feedback.","Projection grids, player pool tables, lineup cards, settings panels, CSV export, subscriber gates.","Free pages sell screenshots, feature lists, tutorials, and sample strategy. Real optimizer output is usually account or paid gated.","Build an operator-grade optimizer/control cockpit with explainable source state, confidence, why-it-changed, lock/exclude, exposure, correlation, and export. Compete on provenance and scenario narrative, not only mean projection.","Do not copy projections, ownership, screenshots, optimizer algorithms, or premium exports.","Capture desktop and mobile screenshots, note navigation depth, logged-out gates, table/card density, motion/reduced-motion behavior, and pricing CTA placement."
optimizer-inventory,custom-fantasy-optimizer,https://github.com/ashhhlynn/custom-fantasy-optimizer,optimizer-workbench,"Dense tool workspace: slate selector, projection/player table, filters, locks/excludes, stacks, exposures, generated lineups, export actions.",Very high,"Low. Motion usually limited to loading states, tab transitions, drawer open/close, and result generation feedback.","Projection grids, player pool tables, lineup cards, settings panels, CSV export, subscriber gates.","Free pages sell screenshots, feature lists, tutorials, and sample strategy. Real optimizer output is usually account or paid gated.","Build an operator-grade optimizer/control cockpit with explainable source state, confidence, why-it-changed, lock/exclude, exposure, correlation, and export. Compete on provenance and scenario narrative, not only mean projection.","Do not copy projections, ownership, screenshots, optimizer algorithms, or premium exports.","Capture desktop and mobile screenshots, note navigation depth, logged-out gates, table/card density, motion/reduced-motion behavior, and pricing CTA placement."
optimizer-inventory,nothans dfs-optimizer,https://github.com/nothans/dfs-optimizer,optimizer-workbench,"Dense tool workspace: slate selector, projection/player table, filters, locks/excludes, stacks, exposures, generated lineups, export actions.",Very high,"Low. Motion usually limited to loading states, tab transitions, drawer open/close, and result generation feedback.","Projection grids, player pool tables, lineup cards, settings panels, CSV export, subscriber gates.","Free pages sell screenshots, feature lists, tutorials, and sample strategy. Real optimizer output is usually account or paid gated.","Build an operator-grade optimizer/control cockpit with explainable source state, confidence, why-it-changed, lock/exclude, exposure, correlation, and export. Compete on provenance and scenario narrative, not only mean projection.","Do not copy projections, ownership, screenshots, optimizer algorithms, or premium exports.","Capture desktop and mobile screenshots, note navigation depth, logged-out gates, table/card density, motion/reduced-motion behavior, and pricing CTA placement."
optimizer-inventory,DFSForecast,https://www.reddit.com/r/dfsports/comments/ikcqsk,optimizer-workbench,"Dense tool workspace: slate selector, projection/player table, filters, locks/excludes, stacks, exposures, generated lineups, export actions.",Very high,"Low. Motion usually limited to loading states, tab transitions, drawer open/close, and result generation feedback.","Projection grids, player pool tables, lineup cards, settings panels, CSV export, subscriber gates.","Free pages sell screenshots, feature lists, tutorials, and sample strategy. Real optimizer output is usually account or paid gated.","Build an operator-grade optimizer/control cockpit with explainable source state, confidence, why-it-changed, lock/exclude, exposure, correlation, and export. Compete on provenance and scenario narrative, not only mean projection.","Do not copy projections, ownership, screenshots, optimizer algorithms, or premium exports.","Capture desktop and mobile screenshots, note navigation depth, logged-out gates, table/card density, motion/reduced-motion behavior, and pricing CTA placement."
optimizer-inventory,DailyWaiver,https://www.dailywaiver.com/,optimizer-workbench,"Dense tool workspace: slate selector, projection/player table, filters, locks/excludes, stacks, exposures, generated lineups, export actions.",Very high,"Low. Motion usually limited to loading states, tab transitions, drawer open/close, and result generation feedback.","Projection grids, player pool tables, lineup cards, settings panels, CSV export, subscriber gates.","Free pages sell screenshots, feature lists, tutorials, and sample strategy. Real optimizer output is usually account or paid gated.","Build an operator-grade optimizer/control cockpit with explainable source state, confidence, why-it-changed, lock/exclude, exposure, correlation, and export. Compete on provenance and scenario narrative, not only mean projection.","Do not copy projections, ownership, screenshots, optimizer algorithms, or premium exports.","Capture desktop and mobile screenshots, note navigation depth, logged-out gates, table/card density, motion/reduced-motion behavior, and pricing CTA placement."
optimizer-inventory,Scry Pro,https://www.scrypro.com/,optimizer-workbench,"Dense tool workspace: slate selector, projection/player table, filters, locks/excludes, stacks, exposures, generated lineups, export actions.",Very high,"Low. Motion usually limited to loading states, tab transitions, drawer open/close, and result generation feedback.","Projection grids, player pool tables, lineup cards, settings panels, CSV export, subscriber gates.","Free pages sell screenshots, feature lists, tutorials, and sample strategy. Real optimizer output is usually account or paid gated.","Build an operator-grade optimizer/control cockpit with explainable source state, confidence, why-it-changed, lock/exclude, exposure, correlation, and export. Compete on provenance and scenario narrative, not only mean projection.","Do not copy projections, ownership, screenshots, optimizer algorithms, or premium exports.","Capture desktop and mobile screenshots, note navigation depth, logged-out gates, table/card density, motion/reduced-motion behavior, and pricing CTA placement."
optimizer-inventory,Paydirt DFS,https://paydirtdfs.com/nfl-paywalled/paydirt-nfl-dfs-optimizer/,optimizer-workbench,"Dense tool workspace: slate selector, projection/player table, filters, locks/excludes, stacks, exposures, generated lineups, export actions.",Very high,"Low. Motion usually limited to loading states, tab transitions, drawer open/close, and result generation feedback.","Projection grids, player pool tables, lineup cards, settings panels, CSV export, subscriber gates.","Free pages sell screenshots, feature lists, tutorials, and sample strategy. Real optimizer output is usually account or paid gated.","Build an operator-grade optimizer/control cockpit with explainable source state, confidence, why-it-changed, lock/exclude, exposure, correlation, and export. Compete on provenance and scenario narrative, not only mean projection.","Do not copy projections, ownership, screenshots, optimizer algorithms, or premium exports.","Capture desktop and mobile screenshots, note navigation depth, logged-out gates, table/card density, motion/reduced-motion behavior, and pricing CTA placement."
