team,season,n_games,kickers,fg_att_total,fg_made_total,fg_make_rate,fg_epa_per_attempt,xp_att,xp_made,xp_make_rate,xp_epa_per_attempt,fg_att_u30,fg_made_u30,fg_make_rate_u30,fg_att_u30_per_game,fg_att_b30_39,fg_made_b30_39,fg_make_rate_b30_39,fg_att_b30_39_per_game,fg_att_b40_49,fg_made_b40_49,fg_make_rate_b40_49,fg_att_b40_49_per_game,fg_att_b50p,fg_made_b50p,fg_make_rate_b50p,fg_att_b50p_per_game,kicking_points_per_game,fg_make_rate_pct,xp_make_rate_pct,kicking_points_per_game_pct,fg_epa_per_attempt_pct,xp_epa_per_attempt_pct
ARI,2025,17,C.Ryland,33,25,0.75758,-0.14830,36,36,1.00000,0.06644,5,5,1.00000,0.29412,8,7,0.87500,0.47059,10,7,0.70000,0.58824,10,6,0.60000,0.58824,6.52941,6.45161,88.70968,25.80645,9.67742,90.32258
ATL,2025,17,J.Romo;Y.Koo;Z.Gonzalez,39,32,0.82051,-0.16492,33,31,0.93939,0.00664,3,3,1.00000,0.17647,13,11,0.84615,0.76471,12,10,0.83333,0.70588,11,8,0.72727,0.64706,7.47059,25.80645,25.80645,51.61290,6.45161,25.80645
BAL,2025,17,T.Loop,34,30,0.88235,0.07612,46,44,0.95652,0.02374,10,10,1.00000,0.58824,11,11,1.00000,0.64706,9,8,0.88889,0.52941,4,1,0.25000,0.23529,7.88235,62.90323,35.48387,69.35484,32.25806,35.48387
BUF,2025,17,M.Badgley;M.Prater,21,19,0.90476,0.23578,53,48,0.90566,-0.02566,4,4,1.00000,0.23529,8,7,0.87500,0.47059,7,7,1.00000,0.41176,2,1,0.50000,0.11765,6.17647,77.41935,9.67742,17.74194,51.61290,9.67742
CAR,2025,17,R.Fitzgerald,29,24,0.82759,0.24790,30,27,0.90000,-0.01810,6,6,1.00000,0.35294,9,8,0.88889,0.52941,9,8,0.88889,0.52941,5,2,0.40000,0.29412,5.82353,32.25806,6.45161,6.45161,54.83871,16.12903
CHI,2025,17,C.Santos;J.Moody,39,33,0.84615,0.14318,42,42,1.00000,0.06562,5,5,1.00000,0.29412,12,11,0.91667,0.70588,16,13,0.81250,0.94118,6,4,0.66667,0.35294,8.29412,45.16129,88.70968,83.87097,41.93548,87.09677
CIN,2025,17,E.McPherson,28,25,0.89286,0.58591,44,41,0.93182,-0.00098,4,4,1.00000,0.23529,6,6,1.00000,0.35294,10,10,1.00000,0.58824,8,5,0.62500,0.47059,6.82353,74.19355,19.35484,35.48387,93.54839,19.35484
CLE,2025,17,A.Szmyt,27,24,0.88889,0.17191,26,25,0.96154,0.04431,4,4,1.00000,0.23529,11,10,0.90909,0.64706,6,5,0.83333,0.35294,6,5,0.83333,0.35294,5.70588,70.96774,38.70968,3.22581,45.16129,67.74194
DAL,2025,17,B.Aubrey,42,36,0.85714,0.35190,48,47,0.97917,0.05602,10,10,1.00000,0.58824,5,5,1.00000,0.29412,10,10,1.00000,0.58824,17,11,0.64706,1.00000,9.11765,51.61290,70.96774,93.54839,64.51613,74.19355
DEN,2025,17,W.Lutz,32,28,0.87500,0.12531,39,39,1.00000,0.06560,10,10,1.00000,0.58824,11,11,1.00000,0.64706,5,3,0.60000,0.29412,6,4,0.66667,0.35294,7.23529,58.06452,88.70968,45.16129,35.48387,83.87097
DET,2025,17,J.Bates,34,27,0.79412,-0.07981,56,54,0.96429,0.02514,6,6,1.00000,0.35294,8,8,1.00000,0.47059,11,9,0.81818,0.64706,9,4,0.44444,0.52941,7.94118,16.12903,46.77419,74.19355,19.35484,38.70968
GB,2025,17,B.McManus;L.Havrisik,34,28,0.82353,0.01581,42,39,0.92857,-0.04736,10,10,1.00000,0.58824,10,10,1.00000,0.58824,8,4,0.50000,0.47059,6,4,0.66667,0.35294,7.23529,29.03226,16.12903,45.16129,29.03226,0.00000
HOU,2025,17,K.Fairbairn;M.Wright,52,48,0.92308,0.43716,30,30,1.00000,0.06708,9,9,1.00000,0.52941,12,12,1.00000,0.70588,18,18,1.00000,1.05882,13,9,0.69231,0.76471,10.23529,83.87097,88.70968,100.00000,74.19355,93.54839
IND,2025,17,B.Grupe;M.Badgley;S.Shrader,36,34,0.94444,0.45323,45,42,0.93333,-0.00066,8,8,1.00000,0.47059,12,12,1.00000,0.70588,7,7,1.00000,0.41176,9,7,0.77778,0.52941,8.47059,96.77419,22.58065,87.09677,80.64516,22.58065
JAX,2025,17,C.Little,34,30,0.88235,0.35396,51,50,0.98039,0.04714,5,5,1.00000,0.29412,9,9,1.00000,0.52941,10,8,0.80000,0.58824,10,8,0.80000,0.58824,8.23529,62.90323,74.19355,80.64516,67.74194,70.96774
KC,2025,17,H.Butker,38,33,0.86842,0.25994,35,31,0.88571,-0.04177,10,10,1.00000,0.58824,9,9,1.00000,0.52941,11,9,0.81818,0.64706,8,5,0.62500,0.47059,7.64706,54.83871,3.22581,62.90323,61.29032,6.45161
LA,2025,17,H.Mevis;J.Karty,28,22,0.78571,-0.53001,65,62,0.95385,0.01526,7,6,0.85714,0.41176,8,6,0.75000,0.47059,10,8,0.80000,0.58824,3,2,0.66667,0.17647,7.52941,12.90323,29.03226,56.45161,0.00000,32.25806
LAC,2025,17,C.Dicker,41,38,0.92683,0.41378,35,34,0.97143,0.03146,7,7,1.00000,0.41176,15,14,0.93333,0.88235,13,12,0.92308,0.76471,6,5,0.83333,0.35294,8.70588,87.09677,59.67742,90.32258,70.96774,48.38710
LV,2025,17,D.Carlson,27,22,0.81481,0.17458,22,21,0.95455,0.01318,5,5,1.00000,0.29412,6,6,1.00000,0.35294,8,6,0.75000,0.47059,8,5,0.62500,0.47059,5.11765,22.58065,32.25806,0.00000,48.38710,29.03226
MIA,2025,17,R.Patterson,29,27,0.93103,0.47489,35,34,0.97143,0.04067,5,5,1.00000,0.29412,9,8,0.88889,0.52941,11,11,1.00000,0.64706,4,3,0.75000,0.23529,6.76471,90.32258,59.67742,32.25806,83.87097,58.06452
MIN,2025,17,W.Reichard,35,33,0.94286,0.68918,31,31,1.00000,0.05659,6,6,1.00000,0.35294,9,9,1.00000,0.52941,7,7,1.00000,0.41176,13,11,0.84615,0.76471,7.64706,93.54839,88.70968,62.90323,96.77419,77.41935
NE,2025,17,A.Borregales,32,27,0.84375,-0.09511,55,53,0.96364,0.03061,8,8,1.00000,0.47059,9,8,0.88889,0.52941,11,7,0.63636,0.64706,4,4,1.00000,0.23529,7.88235,40.32258,41.93548,69.35484,12.90323,41.93548
NO,2025,17,B.Grupe;C.Smyth,42,30,0.71429,-0.38412,28,28,1.00000,0.06198,8,8,1.00000,0.47059,12,10,0.83333,0.70588,10,5,0.50000,0.58824,12,7,0.58333,0.70588,6.94118,0.00000,88.70968,38.70968,3.22581,80.64516
NYG,2025,17,B.Sauls;G.Gano;J.McAtamney;Y.Koo,26,23,0.88462,0.00659,41,36,0.87805,-0.04725,9,9,1.00000,0.52941,10,10,1.00000,0.58824,4,3,0.75000,0.23529,3,1,0.33333,0.17647,6.17647,67.74194,0.00000,17.74194,25.80645,3.22581
NYJ,2025,17,N.Folk,29,28,0.96552,0.69258,22,22,1.00000,0.06757,5,5,1.00000,0.29412,9,9,1.00000,0.52941,7,7,1.00000,0.41176,8,7,0.87500,0.47059,6.23529,100.00000,88.70968,22.58065,100.00000,96.77419
PHI,2025,17,J.Elliott,27,20,0.74074,-0.05602,42,41,0.97619,0.04188,3,3,1.00000,0.17647,6,6,1.00000,0.35294,10,7,0.70000,0.58824,8,4,0.50000,0.47059,5.94118,3.22581,64.51613,9.67742,22.58065,61.29032
PIT,2025,17,C.Boswell,32,27,0.84375,0.54088,43,42,0.97674,0.04279,6,6,1.00000,0.35294,4,2,0.50000,0.23529,11,10,0.90909,0.64706,11,9,0.81818,0.64706,7.23529,40.32258,67.74194,45.16129,90.32258,64.51613
SEA,2025,17,J.Myers,48,41,0.85417,0.24912,48,48,1.00000,0.07329,6,5,0.83333,0.35294,15,14,0.93333,0.88235,15,13,0.86667,0.88235,12,9,0.75000,0.70588,10.05882,48.38710,88.70968,96.77419,58.06452,100.00000
SF,2025,17,E.Pineiro;J.Moody;M.Gay,36,33,0.91667,0.45303,44,40,0.90909,-0.02495,8,7,0.87500,0.47059,10,9,0.90000,0.58824,11,11,1.00000,0.64706,7,6,0.85714,0.41176,8.17647,80.64516,12.90323,77.41935,77.41935,12.90323
TB,2025,17,C.McLaughlin,38,32,0.84211,0.13752,33,32,0.96970,0.03593,6,6,1.00000,0.35294,11,9,0.81818,0.64706,9,6,0.66667,0.52941,12,11,0.91667,0.70588,7.52941,35.48387,51.61290,56.45161,38.70968,51.61290
TEN,2025,17,J.Slye;M.Wright,36,29,0.80556,0.47808,28,27,0.96429,0.03142,6,6,1.00000,0.35294,6,6,1.00000,0.35294,10,8,0.80000,0.58824,14,9,0.64286,0.82353,6.70588,19.35484,46.77419,29.03226,87.09677,45.16129
WAS,2025,17,J.Moody;M.Gay,30,23,0.76667,-0.09149,34,33,0.97059,0.03708,6,5,0.83333,0.35294,6,5,0.83333,0.35294,7,7,1.00000,0.41176,11,6,0.54545,0.64706,6.00000,9.67742,54.83871,12.90323,16.12903,54.83871
